RowNumber,CustomerId,Surname,CreditScore,Geography,Gender,Age,Tenure,Balance,NumOfProducts,HasCrCard,IsActiveMember,EstimatedSalary,Exited,Reason for exiting company
1,87809012,Pankaj,700,Spain,Male,28,4,0.0,2,0,0,80134.88,0.9754776809004901,
4,87829388,Vijay,428,France,Male,24,3,0.0,1,0,0,65124.8,0.9404557536294764,
3,87812322,Santosh,721,Spain,Female,37,7,10010.01,1,0,1,107332.2,0.9135030356561274,
7,15701354,Boni,699,France,Female,39,1,0.0,2,0,0,93826.63,0.8688957484208988,
5,87721312,Poonam,511,France,Female,43,7,109102.4,1,0,1,831021.3,0.8435073019754978,
8,15762418,Gant,750,Spain,Male,22,3,121681.82,1,1,0,128643.35,0.8247472328285581,
2,87732931,Sharma,580,Germany,Male,32,4,10020.01,3,1,0,438773.2,0.6954671674188794,
6,15619304,Onio,502,France,Female,42,8,159660.8,3,1,0,113931.57,0.4730155592426046,
